name,zip code,timestamp
xx,,2013-05-10 03:52:26
18,,2013-05-10 03:44:48
tj,,2013-05-10 03:40:45
yx,,2013-05-10 03:40:43
TS,,2013-05-10 03:37:12
yc,11372,2013-05-10 03:28:36
sy,810000,2013-05-10 03:26:19
XP,510635,2013-05-10 03:23:44
ls,59595,2013-05-10 03:20:37
vv,,2013-05-10 03:20:17
ZW,,2013-05-10 03:19:57
xx,,2013-05-10 03:18:20
JL,,2013-05-10 03:17:50
yc,,2013-05-10 03:15:08
bL,,2013-05-10 03:14:37
RS,48823,2013-05-10 03:12:48
sc,,2013-05-10 03:12:34
bh,266101,2013-05-10 03:11:17
ZC,,2013-05-10 03:09:56
mc,,2013-05-10 03:05:07
te,,2013-05-10 03:05:07
Yc,,2013-05-10 03:04:44
ss,,2013-05-10 03:03:02
RM,,2013-05-10 02:59:31
kj,,2013-05-10 02:59:04
KM,,2013-05-10 02:57:34
xx,,2013-05-10 02:56:13
wt,,2013-05-10 02:55:38
KF,110004,2013-05-10 02:54:47
cb,,2013-05-10 02:54:13
fx,,2013-05-10 02:54:09
ch,,2013-05-10 02:52:13
jy,,2013-05-10 02:49:55
sz,,2013-05-10 02:48:08
FZ,,2013-05-10 02:42:35
xx,110005,2013-05-10 02:41:19
ML,,2013-05-10 02:40:51
SW,,2013-05-10 02:38:24
yz,01002,2013-05-10 02:37:23
GR,95051,2013-05-10 02:36:42
qt,,2013-05-10 02:35:49
DC,53593,2013-05-10 02:34:53
cx,,2013-05-10 02:31:08
TX,317606,2013-05-10 02:30:52
xx,259316,2013-05-10 02:29:52
PH,,2013-05-10 02:28:23
QJ,,2013-05-10 02:27:28
fw,201908,2013-05-10 02:27:11
jL,,2013-05-10 02:21:32
zt,110010,2013-05-10 02:21:26
WJ,,2013-05-10 02:21:20
kl,,2013-05-10 02:19:11
xT,,2013-05-10 02:18:37
ml,,2013-05-10 02:18:36
yy,,2013-05-10 02:17:02
GG,,2013-05-10 02:15:03
LC,21049,2013-05-10 02:14:32
Lr,,2013-05-10 02:12:06
cb,100000,2013-05-10 02:10:17
HH,99141,2013-05-10 02:09:42
AJ,,2013-05-10 02:09:37
HK,,2013-05-10 02:08:09
zx,7788414,2013-05-10 02:07:52
ZL,,2013-05-10 02:06:56
gk,,2013-05-10 02:06:12
LF,100010,2013-05-10 02:05:44
dc,63130,2013-05-10 02:05:20
hz,,2013-05-10 02:02:45
DW,01002,2013-05-10 02:01:34
DD,,2013-05-10 02:00:14
lw,,2013-05-10 01:58:13
HD,,2013-05-10 01:56:12
xx,,2013-05-10 01:54:41
xx,,2013-05-10 01:53:55
JG,,2013-05-10 01:53:30
lb,,2013-05-10 01:49:26
la,,2013-05-10 01:48:56
GS,,2013-05-10 01:48:56
hy,201206,2013-05-10 01:45:25
al,,2013-05-10 01:42:48
ML,,2013-05-10 01:42:20
xm,,2013-05-10 01:39:51
jb,,2013-05-10 01:39:50
XH,19311,2013-05-10 01:39:43
RY,,2013-05-10 01:39:16
Kz,200000,2013-05-10 01:38:38
lp,,2013-05-10 01:37:19
DT,,2013-05-10 01:36:00
MY,113093chen,2013-05-10 01:35:19
lz,,2013-05-10 01:32:35
ly,,2013-05-10 01:31:02
EG,12201,2013-05-10 01:26:59
Bl,237192,2013-05-10 01:25:12
pl,,2013-05-10 01:24:48
RN,,2013-05-10 01:22:14
ow,,2013-05-10 01:21:09
mj,,2013-05-10 01:20:40
NB,,2013-05-10 01:20:32
CZ,200001,2013-05-10 01:20:28
SD,,2013-05-10 01:18:54
wl,wangli2499,2013-05-10 01:16:44
SW,,2013-05-10 01:10:24
BW,150030,2013-05-10 01:08:26
DG,48316,2013-05-10 01:07:29
DS,,2013-05-10 01:06:41
ss,,2013-05-10 01:02:02
vz,315100,2013-05-10 00:52:57
MC,,2013-05-10 00:52:17
xz,,2013-05-10 00:50:37
xx,,2013-05-10 00:50:05
sg,,2013-05-10 00:48:59
xx,,2013-05-10 00:48:23
QH,,2013-05-10 00:47:31
KY,,2013-05-10 00:45:54
yr,200011,2013-05-10 00:36:55
rr,,2013-05-10 00:28:34
xx,,2013-05-10 00:26:41
CC,,2013-05-10 00:16:36
AH,,2013-05-10 00:16:11
LH,,2013-05-10 00:13:10
WY,,2013-05-10 00:13:04
xx,,2013-05-10 00:09:26
MW,M1W3Z2,2013-05-09 23:58:09
xx,32147,2013-05-09 23:46:55
xx,,2013-05-09 23:43:40
JY,38632,2013-05-09 23:32:05
VM,,2013-05-09 23:21:48
SL,,2013-05-09 23:01:00
SP,,2013-05-09 22:51:57
LZ,10541,2013-05-09 22:50:42
GL,,2013-05-09 22:43:26
cw,30753,2013-05-09 22:35:43
ZL,,2013-05-09 22:33:32
FL,,2013-05-09 22:29:56
JS,,2013-05-09 22:28:52
BS,,2013-05-09 22:21:36
DZ,,2013-05-09 22:00:31
JL,310000,2013-05-09 21:34:06
jn,,2013-05-09 21:29:57
yl,,2013-05-09 21:26:29
FG,02145,2013-05-09 20:43:21
XL,N2J 2Z2,2013-05-09 20:42:46
wb,,2013-05-09 20:40:29
AF,,2013-05-09 20:36:21
RH,,2013-05-09 20:31:53
fl,53233,2013-05-09 20:31:29
BG,90270,2013-05-09 20:25:45
MZ,49931,2013-05-09 20:21:34
Al,h4b2e6,2013-05-09 19:50:25
FN,freja,2013-05-09 19:38:39
mw,,2013-05-09 19:31:29
TR,44115,2013-05-09 19:28:53
JM,55414,2013-05-09 19:26:38
JY,V6Y 4M1,2013-05-09 19:04:45
MX,,2013-05-09 18:53:06
BZ,,2013-05-09 18:48:48
cc,,2013-05-09 18:44:47
DH,,2013-05-09 18:44:31
JW,65775,2013-05-09 18:40:06
sc,198510258,2013-05-09 18:34:41
WG,,2013-05-09 18:34:37
8z,518053,2013-05-09 18:30:42
WT,2720,2013-05-09 18:27:11
FH,44304,2013-05-09 18:25:45
CW,55454,2013-05-09 18:25:35
DD,NY14304,2013-05-09 18:21:40
yf,,2013-05-09 18:14:45
SC,90007,2013-05-09 17:56:08
BL,23452,2013-05-09 17:29:42
WT,,2013-05-09 17:28:55
LZ,,2013-05-09 17:28:46
SW,,2013-05-09 17:25:14
er,91352,2013-05-09 17:15:38
LZ,,2013-05-09 17:13:47
cW,H100,2013-05-09 17:12:40
DQ,60616,2013-05-09 17:10:51
sq,12201,2013-05-09 17:10:06
LC,,2013-05-09 17:09:44
DC,,2013-05-09 17:08:26
HH,"Toronto, CA",2013-05-09 17:07:08
CS,,2013-05-09 16:56:25
TE,M5A 2C9,2013-05-09 16:55:05
DC,,2013-05-09 16:47:55
xx,,2013-05-09 16:45:12
XH,11790,2013-05-09 16:41:33
xx,,2013-05-09 16:40:37
EZ,230000,2013-05-09 16:38:01
MH,,2013-05-09 16:37:47
hw,,2013-05-09 16:37:41
YG,210008,2013-05-09 16:36:20
LJ,,2013-05-09 16:35:15
tk,,2013-05-09 16:33:18
jl,11228,2013-05-09 16:24:43
BY,,2013-05-09 16:21:07
HM,20176,2013-05-09 16:20:06
pz,,2013-05-09 16:18:56
CT,,2013-05-09 16:17:22
zs,07029,2013-05-09 16:17:18
yc,455000,2013-05-09 16:16:05
ZP,4200000,2013-05-09 16:15:28
ly,,2013-05-09 16:15:25
HT,,2013-05-09 16:15:12
gg,,2013-05-09 16:12:38
BY,21231,2013-05-09 16:11:08
qx,,2013-05-09 16:00:32
HN,92116,2013-05-09 16:00:12
lh,230036,2013-05-09 16:00:01
EK,90266,2013-05-09 15:57:13
xx,545007,2013-05-09 15:56:08
jz,zzh19751106,2013-05-09 15:52:03
RH,,2013-05-09 15:51:42
ly,,2013-05-09 15:48:17
LZ,,2013-05-09 15:47:05
CW,441107,2013-05-09 15:46:40
wd,201200,2013-05-09 15:46:20
CR,517688,2013-05-09 15:46:02
lx,,2013-05-09 15:42:21
RZ,,2013-05-09 15:42:18
YZ,05158,2013-05-09 15:41:59
NW,,2013-05-09 15:39:48
xx,,2013-05-09 15:35:34
YC,43402,2013-05-09 15:32:30
ww,,2013-05-09 15:32:01
co,,2013-05-09 15:31:00
xx,210030,2013-05-09 15:28:53
ll,,2013-05-09 15:26:43
EM,,2013-05-09 15:26:17
AT,,2013-05-09 15:26:00
xx,,2013-05-09 15:25:27
HM,,2013-05-09 15:24:30
zz,,2013-05-09 15:23:24
cc,100098,2013-05-09 15:22:56
LG,,2013-05-09 15:21:06
EC,,2013-05-09 15:20:22
xx,i am a chinese,2013-05-09 15:19:30
cp,,2013-05-09 15:15:48
MH,,2013-05-09 15:14:10
dl,,2013-05-09 15:12:54
HC,11355,2013-05-09 15:12:14
VH,,2013-05-09 15:10:50
zx,213000,2013-05-09 15:10:35
zl,,2013-05-09 15:09:34
WX,11788,2013-05-09 15:08:17
ss,,2013-05-09 15:08:00
so,34695,2013-05-09 15:06:12
qq,,2013-05-09 15:05:39
KM,33527,2013-05-09 15:04:37
JL,,2013-05-09 15:04:11
wA,,2013-05-09 15:03:34
lj,,2013-05-09 15:01:58
KF,,2013-05-09 15:00:37
JH,,2013-05-09 14:59:45
xx,,2013-05-09 14:59:20
tm,,2013-05-09 14:59:00
jj,,2013-05-09 14:58:38
BB,,2013-05-09 14:58:21
jw,,2013-05-09 14:57:33
s0,fuyoki,2013-05-09 14:55:55
NP,,2013-05-09 14:55:46
XZ,95129,2013-05-09 14:55:02
DX,,2013-05-09 14:53:59
ak,,2013-05-09 14:53:46
kz,200070,2013-05-09 14:52:39
jj,,2013-05-09 14:46:40
DL,610400,2013-05-09 14:44:13
ZZ,97200,2013-05-09 14:43:45
lg,,2013-05-09 14:43:26
cv,,2013-05-09 14:41:06
ty,,2013-05-09 14:40:11
LT,,2013-05-09 14:40:08
xx,,2013-05-09 14:39:20
jd,dingyidong1990,2013-05-09 14:39:04
MZ,202,2013-05-09 14:38:36
vs,,2013-05-09 14:38:01
jj,,2013-05-09 14:36:32
yy,,2013-05-09 14:35:49
gc,12345,2013-05-09 14:35:12
TL,,2013-05-09 14:32:15
lt,,2013-05-09 14:31:46
xx,15646,2013-05-09 14:30:59
aj,,2013-05-09 14:30:49
zy,,2013-05-09 14:29:36
ZS,614000,2013-05-09 14:29:35
Lc,,2013-05-09 14:28:35
zx,,2013-05-09 14:28:32
jj,,2013-05-09 14:28:11
mm,,2013-05-09 14:26:09
wz,518021,2013-05-09 14:26:06
lb,350000,2013-05-09 14:24:48
lh,,2013-05-09 14:24:47
mg,100000,2013-05-09 14:24:41
HL,610000,2013-05-09 14:23:46
zy,,2013-05-09 14:22:48
lS,,2013-05-09 14:20:58
ac,,2013-05-09 14:19:59
HL,,2013-05-09 14:17:27
yc,,2013-05-09 14:15:57
TA,0021333,2013-05-09 14:14:54
zz,,2013-05-09 14:14:51
JW,,2013-05-09 14:13:58
xx,,2013-05-09 14:12:41
LJ,,2013-05-09 14:09:45
hh,,2013-05-09 14:09:38
LL,,2013-05-09 14:09:04
lf,,2013-05-09 14:07:28
hz,x,2013-05-09 14:07:21
kl,55416,2013-05-09 14:07:03
xx,,2013-05-09 14:06:29
JG,98117,2013-05-09 14:06:26
HK,,2013-05-09 14:06:19
CL,100871,2013-05-09 14:06:02
lw,,2013-05-09 14:05:10
JG,,2013-05-09 14:02:08
cc,,2013-05-09 13:59:21
WJ,,2013-05-09 13:56:10
NT,200120,2013-05-09 13:55:55
ZY,,2013-05-09 13:55:37
CY,266071,2013-05-09 13:54:52
si,,2013-05-09 13:54:21
eg,,2013-05-09 13:53:57
zg,,2013-05-09 13:51:22
ZB,050000,2013-05-09 13:51:21
wp,518789,2013-05-09 13:49:19
wx,,2013-05-09 13:48:37
wf,,2013-05-09 13:47:24
NT,,2013-05-09 13:47:07
ZF,,2013-05-09 13:47:03
CJ,,2013-05-09 13:46:47
CL,,2013-05-09 13:44:55
YL,,2013-05-09 13:43:24
xd,,2013-05-09 13:42:39
AK,,2013-05-09 13:41:37
wb,,2013-05-09 13:41:26
zl,518021,2013-05-09 13:41:13
xx,,2013-05-09 13:41:06
FH,,2013-05-09 13:40:51
yn,,2013-05-09 13:36:27
LZ,2009,2013-05-09 13:36:09
xx,,2013-05-09 13:35:28
zz,200081,2013-05-09 13:35:06
yk,woshiagun,2013-05-09 13:34:54
xx,,2013-05-09 13:34:27
ZZ,,2013-05-09 13:33:34
xz,276814,2013-05-09 13:31:06
BZ,,2013-05-09 13:30:27
hl,054800,2013-05-09 13:30:16
LW,,2013-05-09 13:28:51
YL,,2013-05-09 13:28:22
hl,,2013-05-09 13:27:58
wf,,2013-05-09 13:27:36
YJ,SA3 4DL,2013-05-09 13:26:25
LX,149,2013-05-09 13:24:21
jw,,2013-05-09 13:23:39
WL,,2013-05-09 13:23:30
JF,528300,2013-05-09 13:23:12
kc,,2013-05-09 13:21:04
yl,ZIP,2013-05-09 13:19:47
SL,14201,2013-05-09 13:14:42
SC,02139,2013-05-09 13:13:19
yz,,2013-05-09 13:11:37
TW,461000,2013-05-09 13:11:29
JL,,2013-05-09 13:11:28
AL,,2013-05-09 13:11:13
ZL,,2013-05-09 13:11:08
mL,,2013-05-09 13:11:07
ch,,2013-05-09 13:10:40
lW,,2013-05-09 13:09:38
DL,07071,2013-05-09 13:09:38
JJ,,2013-05-09 13:09:33
LH,,2013-05-09 13:09:21
xx,,2013-05-09 13:08:27
TL,95134,2013-05-09 13:08:24
wp,,2013-05-09 13:07:59
yd,,2013-05-09 13:06:36
SQ,100053,2013-05-09 13:05:40
HZ,,2013-05-09 13:04:50
g1,,2013-05-09 13:04:48
xK,,2013-05-09 13:01:01
MP,44224,2013-05-09 13:00:41
lm,,2013-05-09 12:57:41
FA,,2013-05-09 12:57:40
ZY,246000,2013-05-09 12:57:19
HY,,2013-05-09 12:55:42
LL,,2013-05-09 12:51:21
cj,,2013-05-09 12:51:17
TT,,2013-05-09 12:48:04
JW,10001,2013-05-09 12:47:29
xx,,2013-05-09 12:45:17
AZ,,2013-05-09 12:41:13
ff,111111,2013-05-09 12:39:34
JW,wangjia,2013-05-09 12:37:41
OS,jingwei198096,2013-05-09 12:37:03
RH,,2013-05-09 12:35:30
zb,tosying,2013-05-09 12:35:27
LT,,2013-05-09 12:35:23
ML,066000,2013-05-09 12:34:51
LH,430073,2013-05-09 12:33:44
HZ,,2013-05-09 12:33:23
dl,,2013-05-09 12:31:21
zx,,2013-05-09 12:30:01
ZC,,2013-05-09 12:28:40
ir,,2013-05-09 12:26:43
rh,,2013-05-09 12:25:49
TS,213022,2013-05-09 12:24:55
JY,,2013-05-09 12:23:15
WQ,,2013-05-09 12:23:12
AY,,2013-05-09 12:22:49
YL,,2013-05-09 12:21:38
jj,,2013-05-09 12:20:50
ss,,2013-05-09 12:19:08
HJ,,2013-05-09 12:18:45
LJ,,2013-05-09 12:18:37
Bb,,2013-05-09 12:18:35
JJ,,2013-05-09 12:17:28
LS,,2013-05-09 12:16:28
JW,,2013-05-09 12:15:57
CL,llsa423,2013-05-09 12:15:41
VZ,36575,2013-05-09 12:13:34
JC,,2013-05-09 12:12:40
zc,,2013-05-09 12:11:57
EH,,2013-05-09 12:08:43
YK,,2013-05-09 12:06:36
Ay,,2013-05-09 12:06:30
xx,,2013-05-09 12:04:12
zr,chinaxanhuixjinzhaix,2013-05-09 12:02:48
bb,123456,2013-05-09 12:00:41
xc,,2013-05-09 12:00:00
LG,710054,2013-05-09 11:59:27
lq,,2013-05-09 11:59:13
CJ,10,2013-05-09 11:58:47
yl,,2013-05-09 11:58:38
ce,,2013-05-09 11:58:37
xx,,2013-05-09 11:58:29
YZ,,2013-05-09 11:58:03
mm,,2013-05-09 11:56:58
cl,,2013-05-09 11:54:26
xx,,2013-05-09 11:52:09
ly,account    mdeant,2013-05-09 11:51:21
MS,,2013-05-09 11:50:46
ee,,2013-05-09 11:50:35
yz,,2013-05-09 11:50:11
NW,,2013-05-09 11:49:36
xx,,2013-05-09 11:49:24
HW,,2013-05-09 11:47:43
w1,1,2013-05-09 11:47:06
zp,,2013-05-09 11:46:31
PM,,2013-05-09 11:45:41
VX,,2013-05-09 11:45:06
pw,i do not know,2013-05-09 11:44:13
bt,,2013-05-09 11:43:31
MY,,2013-05-09 11:43:25
xx,,2013-05-09 11:43:18
js,,2013-05-09 11:41:22
xs,,2013-05-09 11:41:19
oc,,2013-05-09 11:40:28
zr,,2013-05-09 11:40:18
xx,124000,2013-05-09 11:38:45
ML,77099,2013-05-09 11:38:21
wl,61254,2013-05-09 11:37:36
HT,150081,2013-05-09 11:37:23
BY,,2013-05-09 11:36:44
hc,,2013-05-09 11:36:13
dw,,2013-05-09 11:34:33
yq,,2013-05-09 11:33:24
AL,,2013-05-09 11:30:58
xx,,2013-05-09 11:30:32
xx,,2013-05-09 11:30:17
sl,,2013-05-09 11:29:55
xw,54321,2013-05-09 11:29:53
jf,,2013-05-09 11:28:47
JW,,2013-05-09 11:26:10
XY,,2013-05-09 11:24:50
sa,,2013-05-09 11:23:57
CS,51234,2013-05-09 11:22:40
mp,086,2013-05-09 11:21:07
ax,329419,2013-05-09 11:20:39
gv,,2013-05-09 11:20:10
xx,,2013-05-09 11:18:21
yy,,2013-05-09 11:14:24
lk,,2013-05-09 11:12:50
JH,,2013-05-09 11:12:32
cS,aasd,2013-05-09 11:10:40
ll,+86-518000,2013-05-09 11:09:44
yz,250022,2013-05-09 11:09:23
xx,cgc707180,2013-05-09 11:09:15
CF,,2013-05-09 11:08:33
WP,,2013-05-09 11:08:07
AH,528400,2013-05-09 11:08:03
bc,september,2013-05-09 11:07:36
zh,,2013-05-09 11:07:22
xx,,2013-05-09 11:05:07
dm,,2013-05-09 11:03:30
JS,,2013-05-09 11:03:24
AL,370069,2013-05-09 11:01:51
JJ,,2013-05-09 11:01:37
HC,53711,2013-05-09 11:00:53
ll,4000,2013-05-09 10:58:49
GY,,2013-05-09 10:58:22
HK,91007,2013-05-09 10:56:54
xx,,2013-05-09 10:55:10
XS,518108,2013-05-09 10:53:33
zl,,2013-05-09 10:52:49
XL,L7A 2Y1,2013-05-09 10:52:05
JZ,China 430070,2013-05-09 10:51:27
GY,,2013-05-09 10:49:45
cj,98141,2013-05-09 10:47:26
CK,,2013-05-09 10:46:16
ws,,2013-05-09 10:44:03
FD,fojume,2013-05-09 10:43:50
XJ,,2013-05-09 10:42:21
ww,,2013-05-09 10:41:39
mc,430073,2013-05-09 10:37:21
xx,,2013-05-09 10:36:37
sl,,2013-05-09 10:35:55
GY,23467,2013-05-09 10:34:44
KZ,,2013-05-09 10:32:31
G ,,2013-05-09 10:30:00
Cy,,2013-05-09 10:28:52
lj,ch,2013-05-09 10:27:22
xz,,2013-05-09 10:27:02
st,,2013-05-09 10:25:55
KM,,2013-05-09 10:22:26
zd,,2013-05-09 10:20:30
xx,,2013-05-09 10:18:48
HZ,,2013-05-09 10:17:22
YC,,2013-05-09 10:17:06
RJ,,2013-05-09 10:15:36
YZ,,2013-05-09 10:15:19
xx,,2013-05-09 10:14:49
lj,,2013-05-09 10:13:55
ml,628000,2013-05-09 10:13:12
WL,,2013-05-09 10:12:14
bb,,2013-05-09 10:10:54
DK,,2013-05-09 10:09:52
db,,2013-05-09 10:07:39
xx,,2013-05-09 10:07:08
JW,,2013-05-09 10:06:04
pa,,2013-05-09 10:06:01
YP,04401,2013-05-09 10:04:11
ZX,97209,2013-05-09 10:03:48
xx,,2013-05-09 10:02:03
LM,,2013-05-09 10:01:37
RM,12345,2013-05-09 10:00:38
xx,,2013-05-09 09:57:44
YL,,2013-05-09 09:56:26
Cs,30301,2013-05-09 09:53:43
HR,,2013-05-09 09:49:47
zF,,2013-05-09 09:49:03
vx,,2013-05-09 09:48:50
AB,,2013-05-09 09:47:30
za,,2013-05-09 09:46:14
zq,,2013-05-09 09:46:04
xf,124379519,2013-05-09 09:45:43
kl,200439,2013-05-09 09:44:09
SX,,2013-05-09 09:43:29
AL,,2013-05-09 09:42:45
zj,461700,2013-05-09 09:40:52
cy,,2013-05-09 09:40:41
HL,,2013-05-09 09:38:27
Ee,,2013-05-09 09:37:19
xx,,2013-05-09 09:36:21
xx,,2013-05-09 09:35:10
YZ,,2013-05-09 09:34:33
RK,,2013-05-09 09:33:11
yg,243000,2013-05-09 09:32:15
JY,041000,2013-05-09 09:32:10
SW,,2013-05-09 09:30:54
LK,,2013-05-09 09:30:12
SL,,2013-05-09 09:28:55
RR,12345678,2013-05-09 09:28:22
zj,650000,2013-05-09 09:28:01
Wl,,2013-05-09 09:27:18
zz,,2013-05-09 09:27:10
LP,,2013-05-09 09:26:56
LT,,2013-05-09 09:26:55
xx,,2013-05-09 09:26:44
dw,,2013-05-09 09:25:44
RS,,2013-05-09 09:24:39
JQ,200135,2013-05-09 09:24:13
BS,516300,2013-05-09 09:22:42
JN,,2013-05-09 09:22:18
xx,,2013-05-09 09:22:05
jc,,2013-05-09 09:20:47
AY,,2013-05-09 09:20:31
xx,55555,2013-05-09 09:19:01
jm,10050,2013-05-09 09:17:01
xy,xl8315376,2013-05-09 09:16:44
wm,,2013-05-09 09:16:21
PZ,,2013-05-09 09:15:35
ll,518000,2013-05-09 09:12:12
CG,,2013-05-09 09:10:03
nh,,2013-05-09 09:08:31
kh,,2013-05-09 09:08:09
tq,200334,2013-05-09 09:05:44
ZQ,,2013-05-09 09:05:42
xx,518105,2013-05-09 09:05:38
bz,,2013-05-09 09:04:47
CC,,2013-05-09 09:03:09
zw,,2013-05-09 09:02:31
DL,0,2013-05-09 09:02:01
EX,,2013-05-09 09:01:10
BL,,2013-05-09 09:00:44
SB,0,2013-05-09 08:59:47
ca,,2013-05-09 08:57:43
sY,,2013-05-09 08:56:03
ml,,2013-05-09 08:55:51
EZ,30328,2013-05-09 08:53:44
xx,,2013-05-09 08:53:44
lx,,2013-05-09 08:53:07
lz,,2013-05-09 08:50:48
yj,,2013-05-09 08:50:16
KT,310052,2013-05-09 08:49:56
WA,510006,2013-05-09 08:49:38
kv,,2013-05-09 08:49:33
VL,,2013-05-09 08:49:29
zz,,2013-05-09 08:49:24
ZD,,2013-05-09 08:47:03
hl,201112,2013-05-09 08:45:02
xx,,2013-05-09 08:44:25
fs,12345,2013-05-09 08:43:50
AR,,2013-05-09 08:39:18
yj,,2013-05-09 08:34:22
WN,201800,2013-05-09 08:34:03
xx,,2013-05-09 08:32:22
xx,,2013-05-09 08:32:08
lx,,2013-05-09 08:30:10
ty,,2013-05-09 08:26:58
h0,,2013-05-09 08:26:08
yz,200060,2013-05-09 08:26:01
PW,,2013-05-09 08:25:55
MN,8421992,2013-05-09 08:23:09
KT,3000,2013-05-09 08:23:00
wa,100000,2013-05-09 08:22:57
gh,,2013-05-09 08:22:54
SL,,2013-05-09 08:22:12
xx,,2013-05-09 08:21:46
JC,,2013-05-09 08:21:10
JN,,2013-05-09 08:20:56
xx,,2013-05-09 08:20:41
mq,,2013-05-09 08:20:27
my,22162x1010,2013-05-09 08:19:52
jh,150001,2013-05-09 08:19:07
jl,,2013-05-09 08:19:01
sl,yahoo,2013-05-09 08:18:17
CL,,2013-05-09 08:16:06
ys,,2013-05-09 08:15:11
kl,,2013-05-09 08:14:55
YC,,2013-05-09 08:14:50
hp,,2013-05-09 08:12:39
FG,,2013-05-09 08:12:32
XL,,2013-05-09 08:12:20
RP,,2013-05-09 08:11:36
xZ,19104,2013-05-09 08:11:26
yz,,2013-05-09 08:11:05
lz,351123,2013-05-09 08:10:04
zw,,2013-05-09 08:09:37
jt,,2013-05-09 08:09:36
pl,,2013-05-09 08:09:05
XG,,2013-05-09 08:06:54
nt,,2013-05-09 08:06:51
xx,610000,2013-05-09 08:06:18
dj,he,2013-05-09 08:06:05
MY,,2013-05-09 08:04:12
js,2121210,2013-05-09 08:03:12
ff,Bimen,2013-05-09 08:00:36
mr,,2013-05-09 08:00:36
wx,,2013-05-09 07:59:14
VZ,,2013-05-09 07:59:07
dd,118000,2013-05-09 07:57:58
xx,,2013-05-09 07:57:16
xx,,2013-05-09 07:57:13
kx,,2013-05-09 07:57:01
DD,85383,2013-05-09 07:56:40
xx,,2013-05-09 07:56:38
am,,2013-05-09 07:55:02
lm,China,2013-05-09 07:53:59
DY,,2013-05-09 07:53:40
bs,,2013-05-09 07:53:40
fl,,2013-05-09 07:53:23
xx,,2013-05-09 07:50:34
YC,,2013-05-09 07:49:27
YW,,2013-05-09 07:48:58
tt,491,2013-05-09 07:48:15
js,,2013-05-09 07:45:16
yx,10000,2013-05-09 07:44:27
cc,,2013-05-09 07:43:44
hy,,2013-05-09 07:43:37
yy,,2013-05-09 07:43:09
YC,,2013-05-09 07:41:45
YL,710065,2013-05-09 07:41:39
kw,30301,2013-05-09 07:40:43
zL,,2013-05-09 07:40:16
hQ,,2013-05-09 07:40:10
wj,,2013-05-09 07:40:02
sb,11044,2013-05-09 07:39:04
WC,,2013-05-09 07:39:00
DX,430074,2013-05-09 07:38:28
IS,3100000,2013-05-09 07:37:53
xG,Gongxt,2013-05-09 07:37:47
fc,310018,2013-05-09 07:37:42
WD,,2013-05-09 07:37:35
HC,100015,2013-05-09 07:37:33
TL,,2013-05-09 07:34:35
sf,,2013-05-09 07:34:18
SC,jiushi777sxc,2013-05-09 07:29:02
xx,,2013-05-09 07:28:42
lg,,2013-05-09 07:28:37
vk,,2013-05-09 07:28:05
sm,,2013-05-09 07:25:33
xx,21401,2013-05-09 07:25:33
lj,102206,2013-05-09 07:25:01
YL,,2013-05-09 07:24:11
LL,075000,2013-05-09 07:23:17
qd,,2013-05-09 07:23:09
zl,,2013-05-09 07:22:49
QS,,2013-05-09 07:19:32
XT,90148,2013-05-09 07:19:10
QC,93720,2013-05-09 07:17:14
xx,,2013-05-09 07:16:45
YW,,2013-05-09 07:16:29
SL,,2013-05-09 07:15:12
YW,02640,2013-05-09 07:15:04
TR,,2013-05-09 07:14:37
LL,,2013-05-09 07:14:18
ay,,2013-05-09 07:14:02
bk,,2013-05-09 07:12:59
DL,49686,2013-05-09 07:11:45
KL,91803,2013-05-09 07:11:21
VY,,2013-05-09 07:09:44
xx,11111,2013-05-09 07:09:08
cy,z,2013-05-09 07:08:55
gz,D-34117,2013-05-09 07:08:20
CF,BEIJING,2013-05-09 07:06:06
xg,,2013-05-09 07:05:58
ld,,2013-05-09 07:05:42
qC,,2013-05-09 07:05:28
JW,10001,2013-05-09 07:05:22
GF,,2013-05-09 07:04:47
LW,610000,2013-05-09 07:04:26
Ml,0123456,2013-05-09 07:04:18
LX,,2013-05-09 07:02:28
DW,,2013-05-09 07:01:32
XS,91776,2013-05-09 07:00:57
JC,19780825,2013-05-09 06:59:41
Ky,,2013-05-09 06:57:53
YW,200030,2013-05-09 06:56:34
wT,,2013-05-09 06:55:34
xx,,2013-05-09 06:55:13
xx,100027,2013-05-09 06:54:59
PX,,2013-05-09 06:54:38
mc,,2013-05-09 06:54:31
SX,,2013-05-09 06:53:59
ZE,,2013-05-09 06:53:30
hs,,2013-05-09 06:53:15
RJ,,2013-05-09 06:52:01
sp,,2013-05-09 06:51:49
zf,,2013-05-09 06:51:36
ec,609601,2013-05-09 06:50:26
oz,10010,2013-05-09 06:48:39
hm,woshiebw250,2013-05-09 06:48:16
xx,,2013-05-09 06:48:06
MK,,2013-05-09 06:47:18
kj,,2013-05-09 06:46:42
Ck,215000,2013-05-09 06:46:27
jz,,2013-05-09 06:43:18
KS,,2013-05-09 06:43:18
RL,,2013-05-09 06:42:41
lc,,2013-05-09 06:41:23
ss,,2013-05-09 06:40:05
zl,,2013-05-09 06:39:14
xx,001,2013-05-09 06:38:32
xx,,2013-05-09 06:38:28
wy,,2013-05-09 06:38:09
rs,,2013-05-09 06:37:09
CZ,,2013-05-09 06:36:41
TZ,94587,2013-05-09 06:33:45
WY,,2013-05-09 06:33:35
JL,,2013-05-09 06:33:12
CW,,2013-05-09 06:32:48
xx,,2013-05-09 06:30:52
TS,,2013-05-09 06:28:19
xx,038785,2013-05-09 06:28:19
ly,,2013-05-09 06:25:58
zl,,2013-05-09 06:23:01
cX,,2013-05-09 06:22:57
GW,,2013-05-09 06:22:08
bw,510630,2013-05-09 06:21:41
NZ,,2013-05-09 06:21:37
sg,,2013-05-09 06:21:16
DC,,2013-05-09 06:20:35
xx,,2013-05-09 06:20:05
wy,523723,2013-05-09 06:19:47
PF,,2013-05-09 06:19:36
yt,,2013-05-09 06:19:27
td,,2013-05-09 06:19:07
ss,,2013-05-09 06:17:43
ac,18951,2013-05-09 06:16:37
jm,,2013-05-09 06:16:29
jd,72798.com,2013-05-09 06:16:13
ld,300300,2013-05-09 06:15:17
KL,,2013-05-09 06:15:12
xx,32198,2013-05-09 06:15:04
so,,2013-05-09 06:14:31
as,,2013-05-09 06:13:37
xx,,2013-05-09 06:12:53
SW,,2013-05-09 06:12:48
zx,130012,2013-05-09 06:12:35
sq,,2013-05-09 06:10:28
CA,,2013-05-09 06:09:43
hw,,2013-05-09 06:09:21
PG,376-0052,2013-05-09 06:09:15
LW,,2013-05-09 06:08:26
EZ,,2013-05-09 06:08:24
nj,,2013-05-09 06:07:58
GT,,2013-05-09 06:07:27
CH,,2013-05-09 06:07:04
XC,,2013-05-09 06:05:45
xx,,2013-05-09 06:04:57
cc,,2013-05-09 06:04:56
WY,poetical Frommac,2013-05-09 06:02:11
JW,80015,2013-05-09 06:01:31
D4,200001,2013-05-09 06:01:30
ES,,2013-05-09 06:00:06
hs,,2013-05-09 05:59:18
dx,00000,2013-05-09 05:57:39
jp,,2013-05-09 05:57:19
wx,,2013-05-09 05:56:58
dd,,2013-05-09 05:56:46
SY,10010,2013-05-09 05:56:23
HH,,2013-05-09 05:56:15
LR,,2013-05-09 05:56:06
sl,,2013-05-09 05:55:27
pf,533533,2013-05-09 05:54:31
xx,,2013-05-09 05:54:22
FZ,89923,2013-05-09 05:53:06
xx,KIKI,2013-05-09 05:51:43
lq,,2013-05-09 05:50:09
ty,,2013-05-09 05:49:30
xx,,2013-05-09 05:48:57
xx,,2013-05-09 05:47:43
sh,,2013-05-09 05:47:29
TY,,2013-05-09 05:46:09
FZ,,2013-05-09 05:45:54
xx,,2013-05-09 05:45:30
CC,,2013-05-09 05:44:49
jh,,2013-05-09 05:44:34
ym,233700,2013-05-09 05:44:06
PS,,2013-05-09 05:43:55
Lt,,2013-05-09 05:43:03
ZM,,2013-05-09 05:42:48
FZ,,2013-05-09 05:42:28
YZ,,2013-05-09 05:41:59
yb,100066,2013-05-09 05:41:40
yg,,2013-05-09 05:41:26
Lz,,2013-05-09 05:41:25
AV,19904,2013-05-09 05:39:20
cy,,2013-05-09 05:38:52
DL,140149,2013-05-09 05:38:04
sl,,2013-05-09 05:35:34
JZ,,2013-05-09 05:35:02
TY,266001,2013-05-09 05:34:54
wz,,2013-05-09 05:33:47
JD,,2013-05-09 05:33:42
BS,,2013-05-09 05:33:36
wx,,2013-05-09 05:32:40
cc,1991,2013-05-09 05:31:28
MA,,2013-05-09 05:31:01
pc,,2013-05-09 05:30:26
CS,11101,2013-05-09 05:29:36
cy,,2013-05-09 05:29:35
ct,11111,2013-05-09 05:29:26
FL,,2013-05-09 05:29:15
RM,x~~ ,2013-05-09 05:28:58
yz,,2013-05-09 05:28:29
DC,,2013-05-09 05:28:25
LW,,2013-05-09 05:28:24
SL,518006,2013-05-09 05:28:16
WZ,,2013-05-09 05:27:00
JL,808,2013-05-09 05:25:30
wj,,2013-05-09 05:25:22
DT,,2013-05-09 05:25:14
sh,,2013-05-09 05:23:53
zz,,2013-05-09 05:23:43
LW,,2013-05-09 05:23:18
dc,,2013-05-09 05:23:15
sl,,2013-05-09 05:23:11
vh,518054,2013-05-09 05:22:27
LH,1983822,2013-05-09 05:22:11
wy,100080,2013-05-09 05:22:00
dw,,2013-05-09 05:21:45
ZM,92127,2013-05-09 05:21:20
JC,,2013-05-09 05:21:00
ZC,,2013-05-09 05:20:01
RK,,2013-05-09 05:19:42
xx,,2013-05-09 05:19:07
AL,,2013-05-09 05:18:56
CY,,2013-05-09 05:18:11
YW,,2013-05-09 05:16:00
BP,198687,2013-05-09 05:15:27
wc,,2013-05-09 05:15:15
gj,10000,2013-05-09 05:14:46
cw,,2013-05-09 05:14:36
JS,,2013-05-09 05:14:06
TW,210036,2013-05-09 05:14:03
xx,,2013-05-09 05:13:45
RW,710049,2013-05-09 05:13:15
MZ,,2013-05-09 05:11:29
DJ,222000,2013-05-09 05:09:31
RF,,2013-05-09 05:09:30
SZ,,2013-05-09 05:08:17
xx,,2013-05-09 05:07:34
LW,311201,2013-05-09 05:07:15
pp,,2013-05-09 05:06:35
FX,,2013-05-09 05:06:10
JT,,2013-05-09 05:05:56
DG,211121,2013-05-09 05:05:41
TR,215021,2013-05-09 05:05:03
TL,2620033,2013-05-09 05:04:41
XJ,510225,2013-05-09 05:04:33
xx,,2013-05-09 05:04:04
jc,530001,2013-05-09 05:03:31
BB,,2013-05-09 05:03:07
JB,,2013-05-09 05:02:55
ZY,,2013-05-09 05:02:42
Ov,,2013-05-09 05:02:27
xx,,2013-05-09 05:02:13
wx,314400,2013-05-09 05:01:13
RL,11373,2013-05-09 05:00:55
Rx,,2013-05-09 05:00:46
yw,230001,2013-05-09 05:00:13
hj,52800,2013-05-09 04:59:18
YL,200000,2013-05-09 04:58:24
ZL,276806,2013-05-09 04:56:42
zl,,2013-05-09 04:56:37
zj,,2013-05-09 04:56:12
mm,,2013-05-09 04:56:02
sc,,2013-05-09 04:55:21
KL,333512,2013-05-09 04:55:12
lL,,2013-05-09 04:54:44
RX,,2013-05-09 04:53:54
SK,19970509,2013-05-09 04:53:36
wp,201103,2013-05-09 04:52:47
xx,,2013-05-09 04:52:06
JS,100010,2013-05-09 04:51:31
hx,,2013-05-09 04:51:15
BG,92100,2013-05-09 04:50:52
VK,91791-4172,2013-05-09 04:50:29
TW,,2013-05-09 04:50:21
bh,38000,2013-05-09 04:50:21
gL,92501,2013-05-09 04:50:15
FF,94588,2013-05-09 04:50:06
xx,,2013-05-09 04:49:54
fl,201203,2013-05-09 04:48:59
JS,,2013-05-09 04:48:13
fl,,2013-05-09 04:47:43
RA,,2013-05-09 04:46:05
dw,,2013-05-09 04:45:39
PW,,2013-05-09 04:45:15
zl,,2013-05-09 04:44:52
km,,2013-05-09 04:44:40
rm,,2013-05-09 04:44:18
JX,R3L 2N2,2013-05-09 04:43:44
az,,2013-05-09 04:43:42
XX,10451 NY 718 BRONX,2013-05-09 04:43:35
XZ,,2013-05-09 04:43:30
gj,650031,2013-05-09 04:43:19
ls,,2013-05-09 04:43:12
sc,,2013-05-09 04:43:10
wc,,2013-05-09 04:42:45
nL,02139,2013-05-09 04:41:54
fy,10452,2013-05-09 04:41:19
RL,,2013-05-09 04:41:16
Zl,x430070,2013-05-09 04:39:20
jx,55812,2013-05-09 04:39:01
ZZ,,2013-05-09 04:38:51
LL,06357,2013-05-09 04:38:35
yl,,2013-05-09 04:38:00
RH,02467,2013-05-09 04:37:54
JY,,2013-05-09 04:37:43
WP,,2013-05-09 04:37:32
WK,423000,2013-05-09 04:37:25
WH,,2013-05-09 04:37:08
<<,,2013-05-09 04:35:37
BZ,t6h 4m5,2013-05-09 04:35:17
DW,,2013-05-09 04:34:33
hm,,2013-05-09 04:34:08
zh,,2013-05-09 04:33:16
gz,100067,2013-05-09 04:32:44
JH,94030,2013-05-09 04:32:39
cr,,2013-05-09 04:32:21
HC,,2013-05-09 04:31:59
JL,34292,2013-05-09 04:30:46
jh,,2013-05-09 04:30:17
XS,2020013,2013-05-09 04:29:20
lp,,2013-05-09 04:29:03
JQ,98004,2013-05-09 04:28:55
wf,,2013-05-09 04:28:43
sd,,2013-05-09 04:27:19
JW,24121,2013-05-09 04:25:54
xx,100000,2013-05-09 04:25:23
